use codemellow;
INSERT INTO cm_user(user_id, user_type, user_email, user_name, user_passwd) VALUES 
(1, "INDIVIDUAL", "simdj58@gmail.com", "simdj", "¹÷á¨g:ëþ¬Å\ZÌRûHju¥~¬eÂdr" ),
(2, "INDIVIDUAL", "dudbstjr70@gmail.com", "Aol", "¹÷á¨g:ëþ¬Å\ZÌRûHju¥~¬eÂdr" ),
(3, "INDIVIDUAL", "felp2024@gmail.com", "KimKardasian", "¹÷á¨g:ëþ¬Å\ZÌRûHju¥~¬eÂdr" ),
(4, "INDIVIDUAL", "bebe@gmail.com", "ChrisBrown", "¹÷á¨g:ëþ¬Å\ZÌRûHju¥~¬eÂdr" ),
(5, "INDIVIDUAL", "test1@gmail.com", "ParkChunSeong", "¹÷á¨g:ëþ¬Å\ZÌRûHju¥~¬eÂdr" ),
(6, "INDIVIDUAL", "test2@gmail.com", "JustinBeiber", "¹÷á¨g:ëþ¬Å\ZÌRûHju¥~¬eÂdr" ),
(7, "INDIVIDUAL", "test3@gmail.com", "Django", "¹÷á¨g:ëþ¬Å\ZÌRûHju¥~¬eÂdr" ),
(8, "INDIVIDUAL", "test4@gmail.com", "Javana", "¹÷á¨g:ëþ¬Å\ZÌRûHju¥~¬eÂdr" ),
(9, "INDIVIDUAL", "test5@gmail.com", "William", "¹÷á¨g:ëþ¬Å\ZÌRûHju¥~¬eÂdr" ),
(10, "INDIVIDUAL", "test6@gmail.com", "ElasticSearch", "¹÷á¨g:ëþ¬Å\ZÌRûHju¥~¬eÂdr" ),

(100, "INDIVIDUAL", "testtest@gmail.com", "testtest", "¹÷á¨g:ëþ¬Å\ZÌRûHju¥~¬eÂdr" );



INSERT INTO cm_user_verification(user_id, verification_key, is_verified) VALUES
(1, '1',1),
(2, '1',1),
(3, '1',1),
(4, '1',1),
(5, '1',1),
(6, '1',1),
(7, '1',1),
(8, '1',1),
(9, '1',1),
(10, '1',1),
(100, '1', 1);






INSERT INTO cm_user_additional_info (user_id, paypal_id) VALUES
(1,   'tlaehdwls1@naver.com'),
(2,   'tlaehdwls2@naver.com'),
(3,   'tlaehdwls3@naver.com'),
(4,   'tlaehdwls4@naver.com'),
(5,   'tlaehdwls5@naver.com'),
(6,   'tlaehdwls6@naver.com'),
(7,   'tlaehdwls7@naver.com'),
(8,   'tlaehdwls8@naver.com'),
(9,   'tlaehdwls9@naver.com'),
(10,  'tlaehdwls10@naver.com');




